BranchName,Address,City,IsOpen24Hours,LatitudeY,LongitudeX,xITM,yITM
Super-Pharm,"Jerusalem Blvd 49, Tel Aviv-Yafo, Israel",Tel Aviv-Yafo,True,32.0498943,34.759101,661978.664361202,177463.1716342272
Super-Pharm,"Arye Shenkar St 16, Herzliya, Israel",Herzliya,True,32.1586608,34.8079223,674021.8615551754,182118.4058198529
Super-Pharm,"Allenby St 115, Tel Aviv-Yafo, Israel",Tel Aviv-Yafo,True,32.0624808,34.7736408,663368.8077774912,178841.93627365283
Super-Pharm,"Ha'Atsmaut Blvd 67, Bat Yam, Israel",Bat Yam,True,32.0281114,34.748518,659567.3356407817,176453.4737260111
Super-Pharm,"Shlomo Ibn Gabirol St 124, Tel Aviv-Yafo, Israel",Tel Aviv-Yafo,True,32.08689,34.78227,666072.3279868915,179667.3913036798
Super-Pharm,"Yigal Alon St 51, Tel Aviv-Yafo, Israel",Tel Aviv-Yafo,True,32.0614257,34.7916574,663245.157945465,180542.81006611465
Super-Pharm,"Sderot Sha'ul HaMelech 4, Tel Aviv-Yafo, Israel",Tel Aviv-Yafo,True,32.0753545,34.7825281,664793.057637977,179686.7535115126
Super-Pharm,"HaBarzel St 23, Tel Aviv-Yafo, Israel",Tel Aviv-Yafo,True,32.1092714,34.8396299,668534.4479179593,185090.88209342587
Super Pharm Bat Yam,"Yoseftal St 92, Bat Yam, Israel",Bat Yam,True,32.015456,34.75544300000001,658161.2452396362,177101.82002802464
Super-Pharm,"Pinkhas Rosen St 65, Tel Aviv-Yafo, Israel",Tel Aviv-Yafo,True,32.1143404,34.8250777,669101.2943328067,183719.38921458053
סופר-פארם קניון הנגב,"Be'er Sheva, Israel",Israel,True,31.2436883,34.7948804,572571.0002958844,180506.97147827217
Super-Pharm,"Nakhalat Yitskhak St 20, Tel Aviv-Yafo, Israel",Tel Aviv-Yafo,True,32.0739884,34.7980243,664635.9532569898,181149.29518222454
Super-Pharm,"Sderot David Razi'el 1, Ramla, Israel",Ramla,True,31.9256462,34.8640676,648164.9378461498,187333.2219890012
Super-Pharm,"Ahad Ha'Am St 9, Tel Aviv-Yafo, Israel",Tel Aviv-Yafo,True,32.0641153,34.7695928,663551.5907747993,178460.4106808612
Super-Pharm,"Sderot Giborei Israel 5, Netanya, Israel",Netanya,True,32.2767292,34.8614812,687097.3727524177,187212.49230679197
Super-Pharm דרך המשחררים,"Derech HaMeshahrerim 70, Be'er Sheva, Israel",Be'er Sheva,True,31.2515083,34.7860763,573441.1930568175,179671.55720000734
סופר-פארם ביג באר שבע,"Heil Handasa St 2, Be'er Sheva, Israel",Be'er Sheva,True,31.2434365,34.8105836,572537.6407227464,182002.79429381137
Superpharm Merom Center,"Khayim Landau St 7, Ramat Gan, Israel",Ramat Gan,True,32.0718626,34.8281558,664389.9025915916,183993.45253461978
Super-Pharm,"Einstein St 40, Tel Aviv-Yafo, Israel",Tel Aviv-Yafo,True,32.1122621,34.7945882,668881.3677104806,180840.99587700778
Super-Pharm,"Derech HaMaccabim 16, Rishon LeTsiyon, Israel",Rishon LeTsiyon,True,31.9758021,34.8083487,653744.5312801051,182084.19068785707
Super-Pharm,"דיזינגוף 50 דיזינגוף סנטר, Tel Aviv-Yafo, Israel",Tel Aviv-Yafo,True,32.075436,34.775457,664804.7283210984,179019.15347545018
Super-Pharm,"Allenby St 1, Tel Aviv-Yafo, Israel",Tel Aviv-Yafo,True,32.0736348,34.7658758,664608.6303959434,178113.70834919807
"סופר-פארם היכל פ""ת","Hahistadrut St 26, Petah Tikva, Israel",Petah Tikva,True,32.0860497,34.8867304,665945.3162162111,189528.74508740075
Super-Pharm Tiberias,"ירדן פינת, HaShiloah St 1, Tiberias, Israel",HaShiloah St 1,True,32.7877195,35.5380788,743762.2129048223,250776.7288692004
סופר-פארם קניון השלום עזריאלי,"Derech Menachem Begin 132, Tel Aviv-Yafo, Israel",Tel Aviv-Yafo,True,32.0740622,34.7913394,664646.5344202109,180518.14577197185
Super Pharm,"Yig'al Alon Ave 3, Bet Shemesh, Israel",Bet Shemesh,True,31.7558843,34.9906423,629310.2487163395,199266.3783356053
Super-Pharm,"Rothschild St 45, Rishon LeTsiyon, Israel",Rishon LeTsiyon,True,31.9632209,34.8013917,652351.8531883839,181421.42059456842
Super-Pharm Dizengoff Square,"Pinsker St 69, Tel Aviv-Yafo, Israel",Tel Aviv-Yafo,True,32.0775795,34.7735856,665043.1258094542,178843.40996908417
סופר-פארם קניון ראשונים,"Sderot Nim 2, Rishon LeTsiyon, Israel",Rishon LeTsiyon,True,31.9499588,34.8033142,650880.5701690709,181597.70894452452
סופר-פארם מגדלי אלון תל אביב,"Yigal Alon St 94, Tel Aviv-Yafo, Israel",Tel Aviv-Yafo,True,32.0687127,34.7948015,664052.0815730431,180842.7807213872
Super-Pharm,"מרכז מול, Ahuza St 267, Ra'anana, Israel",Ahuza St 267,True,32.18415040000001,34.8532616,676833.5837565472,186404.56000320645
Super-Pharm,"הרצל 96 פינת, Florentin St 41, Tel Aviv-Yafo, Israel",Florentin St 41,True,32.0563883,34.7707801,662694.29251501,178569.08327156008
Super Pharm,"Yad Harutsim St 18, Jerusalem, Israel",Jerusalem,True,31.7509469,35.2153861,628742.9207148212,220559.41807050983
Super-Pharm,"Jerusalem Central Station, Jaffa St 234, Jerusalem, Israel",Jaffa St 234,True,31.7891686,35.2034022,632981.0271172042,219424.00727259365
Super-Pharm,"Shlomo Ibn Gabirol St 62, Tel Aviv-Yafo, Israel",Tel Aviv-Yafo,True,32.0792868,34.7816028,665229.4533779448,179601.0982841057
Super-Pharm,"HaTa'arucha St 3, Tel Aviv-Yafo, Israel",Tel Aviv-Yafo,True,32.0985233,34.7754244,667364.9014436924,179026.26060084428
סופר-פארם איכילוב,"Weizmann St 14 א, Tel Aviv-Yafo, Israel",Tel Aviv-Yafo,True,32.08142780000001,34.7898728,665463.8384149352,180382.81028563075
Super-Pharm,"יכין סנטר, Derech Yitshak Rabin 17, Petah Tikva, Israel",Derech Yitshak Rabin 17,True,32.0873596,34.8604253,666098.1903847556,187045.84633183831
Super-Pharm,"Ha-Mif'al St 11, Or Yehuda, Israel",Or Yehuda,True,32.0344368,34.849517,660232.9420217797,185996.74843867216
Super-Pharm,"Sokolov St 25, Herzliya, Israel",Herzliya,True,32.1673997,34.841295,674979.8196058043,185269.77631652815
Super-Pharm,"Tsamarot St 2, Herzliya, Israel",Herzliya,True,32.1515256,34.8428763,673219.0175245369,185413.014455173
Super-Pharm,"Ha-Histadrut St 3, Jerusalem, Israel",Jerusalem,True,31.7817653,35.2170531,632160.188918032,220716.96987237353
Super-Pharm,"Abba Hillel Silver Rd 165, Ramat Gan, Israel",Ramat Gan,True,32.1009906,34.8269394,667620.311352743,183889.90601539277
Super-Pharm,"Bialik St 76, Ramat Gan, Israel",Ramat Gan,True,32.0857379,34.8116101,665934.1045359946,182436.7957456075
Super-Pharm,"David Ben Gurion Rd 183, Ramat Gan, Israel",Ramat Gan,True,32.0744089,34.8187477,664675.3987771713,183106.14060497854
Super-Pharm,"דיזנגוף 129 פינת, J. L. Gordon St, Tel Aviv-Yafo, Israel",J. L. Gordon St,True,32.0817292,34.7736591,665503.2596736809,178852.187319687
Super-Pharm,"Herzl St 182, Rehovot, Israel",Rehovot,True,31.8968759,34.8110362,644991.6674263428,182306.41781246805
Super-Pharm,"הרצל 58 קניון, Netanya, Israel",Netanya,True,32.3260279,34.8615113,692564.2788986774,187232.8172361405
Super-Pharm,"HaBanim St 1, Ashdod, Israel",Ashdod,True,31.7949197,34.6399758,633757.5115960435,166065.17666506258
Super Pharm,"Emek Refa'im St 24, Jerusalem, Israel",Jerusalem,True,31.76446899999999,35.220536,630242.3563478253,221047.14173297383
Super-Pharm,"Emek Beit She'an St 29, Modi'in-Maccabim-Re'ut, Israel",Modi'in-Maccabim-Re'ut,True,31.9117252,35.0015534,646588.6814907982,200332.42256649476
Super-Pharm,"רמב""ם 3, Ramat Gan, Israel",Ramat Gan,True,32.0839976,34.8145385,665740.1190725004,182712.55862481042
Super Pharm Sheinkin,"פינת, Sheinkin St 62, Tel Aviv-Yafo, Israel",Sheinkin St 62,True,32.0683356,34.7769454,664016.8058836153,179156.56449089482
Super-Pharm,"HaShalom Rd 53, Giv'atayim, Israel",Giv'atayim,True,32.0673942,34.8030249,663902.9546578646,181618.72535827587
Super-Pharm,"Kanfei Nesharim St 22, Jerusalem, Israel",Jerusalem,True,31.7879666,35.1883794,632847.8575605232,218001.18773218512
Super-Pharm,"נאות שקמה, Moreshet Yisra'el St 15, Rishon LeTsiyon, Israel",Moreshet Yisra'el St 15,True,31.97568,34.7738972,653743.433945956,178827.79228666518
Super-Pharm,"Ussishkin St 62, Ramat Hasharon, Israel",Ramat Hasharon,True,32.1434228,34.8440529,672320.1169195159,185521.00561078516
Super-Pharm,"Sderot Yerushalayim 51, Kiryat Yam, Israel",Kiryat Yam,True,32.8430816,35.0693358,749860.8170904198,206874.0665356388
Super-Pharm,"Shlomo ha-Melekh St 9, Jerusalem",Jerusalem,True,31.777585,35.2255988,631696.7868238064,221526.48197248668
Super-Pharm,"Bialik St 10, Ramat Gan, Israel",Ramat Gan,True,32.0797237,34.81501009999999,665266.0249553578,182755.37040093407
